policy,phase,requests,ttft_mean_ms,ttft_p50_ms,ttft_p95_ms,elapsed_seconds,dram_hit_pct,daos_hit_pct,input_reuse_pct,computed_tokens,output_tokens,peak_staging_gib,mean_sampled_staging_gib
none,cold,1684,260.0292852394517,203.8887774106115,617.785443249158,514.092782024,26.690225363381785,34.55349602169178,60.115558859736986,2340145,314843,1.2109375,0.033059866514157044
none,warm1,1684,126.88194362738672,109.82794011943042,246.21058655902743,400.158793391,37.98284215673201,62.01715784326799,98.15777682220124,108089,315125,1.23046875,0.04394630353156079
none,warm2,1684,126.60734990950134,111.3323662430048,237.0397545164451,400.997277229,39.58083299995555,60.41916700004445,98.15777682220124,108089,315015,1.23046875,0.041285245637264885
none,warm3,1684,127.63787578402038,110.36078003235161,248.12717230524842,400.250580041,39.92087833933413,60.07912166066587,98.15777682220124,108089,314952,1.23046875,0.04205740666825192
none,warm4,1684,126.34079448183039,110.19871663302183,232.67265758477126,401.400359167,40.00977908165533,59.99022091834467,98.15777682220124,108089,315060,1.23046875,0.0411420083423582
daos,cold,1684,256.1487259399677,203.3548355102539,592.4216768937184,504.178172398,26.552429212783927,34.691292172289636,60.115558859736986,2340145,315180,3.30078125,0.04547285384241245
daos,warm1,1684,113.62958024808974,101.41846141777933,205.67148653790346,383.790609939,37.800595634973554,62.199404365026446,98.15777682220124,108089,315014,3.06640625,0.062002997580587776
daos,warm2,1684,111.56745658603424,101.85100347734988,201.71190283726895,383.360368281,39.35858114415255,60.64141885584745,98.15777682220124,108089,314950,2.890625,0.05841840710723192
daos,warm3,1684,111.77110902504938,100.76617496088147,199.75553108379242,383.324599687,39.680846335066896,60.319153664933104,98.15777682220124,108089,315028,2.67578125,0.05816855346471258
daos,warm4,1684,112.12641661190328,102.76773292571306,204.76598809473217,385.051246974,39.67862381650887,60.32137618349113,98.15777682220124,108089,315004,2.83203125,0.05748896602200142
both,cold,1684,255.304049567492,200.944121228531,624.3135864613573,507.630750692,26.550206694225896,34.69351469084767,60.115558859736986,2340145,314873,3.26171875,0.06232740046127701
both,warm1,1684,108.86609205570196,96.45166643895209,195.11099352966986,383.890787818,37.91838911854914,62.08161088145086,98.15777682220124,108089,315089,3.53515625,0.08435699706651587
both,warm2,1684,107.22592363306576,94.58129107952118,194.58882238250217,383.554298616,39.329688402898164,60.670311597101836,98.15777682220124,108089,314958,3.7890625,0.08316742226831171
both,warm3,1684,108.860470492541,94.73783196881413,204.4074525125324,386.976730201,39.67417877939281,60.32582122060719,98.15777682220124,108089,314996,3.8671875,0.08465009422995631
both,warm4,1684,108.58409476910016,97.38680510781705,194.39018699340502,390.062053386,39.58527803707161,60.41472196292839,98.15777682220124,108089,314967,3.06640625,0.08160020418536175
