mode,phase,context_tokens,baseline_chunk,current_chunk,baseline_samples,current_samples,ttft_ms_baseline_median,ttft_ms_baseline_min,ttft_ms_baseline_max,ttft_ms_current_median,ttft_ms_current_min,ttft_ms_current_max,ttft_ms_change_percent,e2e_ms_baseline_median,e2e_ms_baseline_min,e2e_ms_baseline_max,e2e_ms_current_median,e2e_ms_current_min,e2e_ms_current_max,e2e_ms_change_percent,prefetch_ms_baseline_median,prefetch_ms_baseline_min,prefetch_ms_baseline_max,prefetch_ms_current_median,prefetch_ms_current_min,prefetch_ms_current_max,prefetch_ms_change_percent
dfs,restart_hit,8192,256,128,3,3,89.78084684349597,79.6034480445087,93.37879391387105,95.06287495605648,94.62035307660699,95.34318698570132,5.883246035502454,777.9187860433012,777.3054740391672,781.4550248440355,779.8470931593329,778.4667760133743,780.5403738748282,0.24788026084825443,42.7,42.3,43.3,46.3,44.0,47.5,8.430913348946124
dfs,restart_hit,16384,256,128,3,3,131.92063593305647,131.3708359375596,132.46446894481778,146.62929298356175,144.94073204696178,147.3135829437524,11.149625641563187,837.2050591278821,835.2100329939276,837.7437379676849,852.3246729746461,846.018437994644,852.3425650782883,1.805963029238522,81.6,81.2,82.9,86.8,86.0,91.1,6.372549019607843
dfs,restart_hit,31744,256,128,3,3,225.95758805982769,215.40128020569682,227.01659495942295,241.7443268932402,239.41578599624336,243.3243819978088,6.986593797962026,973.8290251698345,958.0531669780612,975.6544490810484,991.4340230170637,982.9555309843272,992.1325729228556,1.8078119867251718,152.7,151.1,156.1,163.8,163.8,163.9,7.269155206286859
dfs,same_process_hit,8192,256,128,3,3,79.43346095271409,78.75707210041583,88.75586418434978,90.6652919948101,80.46339196152985,92.71543007344007,14.139924041308237,774.9057391192764,769.2791379522532,781.6249718889594,775.9899930097163,768.9973479136825,776.1524298693985,0.1399207459312546,44.0,43.4,44.6,45.2,44.6,45.7,2.7272727272727337
dfs,same_process_hit,16384,256,128,3,3,130.45633910223842,129.4851249549538,130.9863708447665,134.33712697587907,132.68413301557302,135.08515595458448,2.9747790719462763,834.9043410271406,833.2349248230457,835.6175841763616,837.6090188976377,835.1289881393313,840.2609981130809,0.3239506297415762,80.8,80.6,88.3,87.8,85.8,88.4,8.663366336633672
dfs,same_process_hit,31744,256,128,3,3,212.65405206941068,211.99986594729125,215.67450393922627,238.41360001824796,231.0470740776509,238.67135983891785,12.113358620803204,962.6812268979847,959.7747919615358,963.9328860212117,983.099658973515,981.3286710996181,989.1874419990927,2.120996182851087,154.8,152.8,155.4,166.6,165.1,173.2,7.622739018087854
object,restart_hit,8192,256,128,3,3,112.41826694458723,101.68870491907,113.60189295373857,92.6591120660305,90.14063887298107,102.69411001354456,-17.576462807682613,799.0173499565572,792.1142301056534,814.0962510369718,781.5449631307274,774.9091489240527,786.8667228613049,-2.186734346479424,58.3,51.0,59.4,52.4,49.8,54.1,-10.120068610634647
object,restart_hit,16384,256,128,3,3,154.78230500593781,143.1734161451459,165.0899280793965,144.78894509375095,144.06649582087994,157.471725018695,-6.456396880640513,866.1550360266119,844.6325489785522,873.0416428297758,848.9836868830025,848.8993188366294,862.2714839875698,-1.9824798597697924,99.9,95.5,106.1,94.9,94.2,101.8,-5.005005005005003
object,restart_hit,31744,256,128,3,3,247.30312800966203,246.1794971022755,249.7319709509611,255.7961931452155,253.77147109247744,266.32253592833877,3.434273235404306,993.9853299874812,992.4628909211606,1016.4475040510297,1003.2662430312485,1000.7272870279849,1014.030392980203,0.9337072453457829,177.5,175.8,179.4,181.4,180.2,188.3,2.1971830985915597
object,same_process_hit,8192,256,128,3,3,100.96609801985323,100.91218492016196,102.46946197003126,90.84316296502948,90.2727551292628,102.10103611461818,-10.026073358636934,783.9303130749613,783.0193929839879,821.1466271895915,780.3080230951309,778.1545741017908,787.6025950536132,-0.46206785468239087,60.0,57.0,60.5,51.5,49.6,54.4,-14.166666666666671
object,same_process_hit,16384,256,128,3,3,152.3168261628598,141.40173699706793,153.53428502567112,145.22660104557872,143.2036969345063,155.22450185380876,-4.654919154959336,852.8744571376592,842.8229792043567,870.2506530098617,850.9825989603996,847.6414289325476,859.853362897411,-0.2218214136238572,100.6,97.8,103.1,96.9,96.1,102.0,-3.6779324055665863
object,same_process_hit,31744,256,128,3,3,234.50655583292246,233.62950002774596,247.0194799825549,253.56123293749988,251.11892586573958,260.60654199682176,8.125434718402147,982.1280098985881,981.8210459779948,993.764742044732,1003.1667810399085,998.8610229920596,1010.8283290173858,2.14216180877409,179.4,175.8,181.7,187.4,182.6,189.7,4.4593088071348985
