repeat,mode,phase,cache_check_pass,requests,wall_seconds,requests_per_second,output_tokens_per_second,ttft_ms_p50,ttft_ms_p95,ttft_ms_mean,ttft_ms_stdev,first_token_ms_p50,first_token_ms_p95,first_token_ms_mean,first_token_ms_stdev,e2e_ms_p50,e2e_ms_p95,e2e_ms_mean,e2e_ms_stdev
1,dfs,fill,True,3,7.448013979010284,0.4027919400332073,25.778684162125266,1437.4056779779494,3039.72101546824,1763.3969072873394,1321.8632608752196,1437.4048518948257,3039.7202778141946,1763.3961913331102,1321.8632158504852,2152.581693837419,3784.945931029506,2482.3501297117523,1349.6468706756905
1,dfs,restart_hit,True,3,2.609334856038913,1.149718286657211,73.58197034606151,144.94073204696178,229.9682806013152,159.65895703993738,73.51121655097349,144.94019490666687,229.9676248570904,159.65835633687675,73.51117112015342,846.018437994644,969.2618216853589,869.6070207127681,103.58849021447668
1,dfs,same_process_hit,True,3,2.5946222671773285,1.1562376681765238,73.99921076329753,134.33712697587907,228.00595271401107,155.15538568918905,75.0469126827164,134.33650392107666,228.00531079992652,155.15476232394576,75.04689272907665,835.1289881393313,968.3025918900967,864.7395467075208,106.68267112305172
1,object,fill,True,3,7.419072791002691,0.40436319800476694,25.879244672305084,1428.1819071620703,3026.375719741918,1753.3253167445462,1318.4750251202922,1428.1813921406865,3026.375058037229,1753.3247023820877,1318.474993099208,2139.392824145034,3775.920544588007,2472.7140937466174,1349.6143910152132
1,object,restart_hit,True,3,2.6254091220907867,1.1426790494316945,73.13145916362845,144.06649582087994,242.8009735653177,162.65953526211283,83.38487962429804,144.06590489670634,242.8003411507234,162.65895396160582,83.38482183713958,848.8993188366294,985.5444902088493,874.8452515962223,115.12320115535196
1,object,same_process_hit,True,3,2.6307031100150198,1.1403795390589977,72.98429049977585,145.22660104557872,240.5296933837235,162.20609401352704,81.7563456022431,145.22576006129384,240.5287543311715,162.20522571044663,81.75627446914244,850.9825989603996,984.0731805888936,876.7172150158634,111.5260341293831
2,object,fill,True,3,7.403367841150612,0.40522098379671323,25.934142962989647,1426.1520178988576,2997.6500820135698,1740.9231812537957,1302.7911998111792,1426.151498919353,2997.6495144190267,1740.9226382927347,1302.7911778205503,2137.6533929724246,3746.1087509291247,2467.6360255883387,1323.4212514455376
2,object,restart_hit,True,3,2.6637449839618057,1.1262339368305745,72.07897195715677,157.471725018695,255.4374548373744,175.4961236535261,83.29000331041415,157.47119393199682,255.4368581622839,175.4955476305137,83.28999064250793,862.2714839875698,998.8545020809397,887.7228666096926,115.70074724696104
2,object,same_process_hit,True,3,2.651347214123234,1.1315002365663605,72.41601514024707,155.22450185380876,243.72755982913077,170.2955903019756,76.84660750915337,155.2240247838199,243.72694864869118,170.295032284533,76.84656841310508,859.853362897411,988.8354392256588,883.5409129969776,109.71692937862024
2,dfs,fill,True,3,7.430085814092308,0.40376384271498394,25.840885933758972,1444.0753608942032,3018.2517691282555,1756.6073352936655,1308.5838971506428,1444.0747189801186,3018.2511487975717,1756.60669663921,1308.583916413784,2155.8256768621504,3766.409466578625,2476.4040779167167,1337.794790670258
2,dfs,restart_hit,True,3,2.623569835908711,1.1434801387556384,73.18272888036086,147.3135829437524,233.72330209240317,161.90027996587256,75.19938440628515,147.31306699104607,233.7227157317102,161.89971566200256,75.19937174886984,852.3246729746461,978.1517829280347,874.3080073036253,108.51598238695388
2,dfs,same_process_hit,True,3,2.5956428698264062,1.155783037363933,73.97011439129172,132.68413301557302,221.21077997144312,151.46549969601134,72.05078754585101,132.68364709801972,221.21020478662103,151.46496604817608,72.0507513363048,837.6090188976377,966.95670587942,865.0300399555514,105.30079196394597
3,dfs,fill,True,3,7.443068217020482,0.4030595867897236,25.79581355454231,1444.5676058530807,3027.683056285605,1763.3576795924455,1310.2484842166168,1444.5670619606972,3027.6825222419575,1763.3570960412424,1310.2485458297394,2151.530700037256,3771.9527083681896,2480.828368725876,1337.2839955983393
3,dfs,restart_hit,True,3,2.625102235004306,1.142812634112545,73.14000858320289,146.62929298356175,232.23282350227237,161.23893562083444,74.28596559948794,146.62876608781517,232.2322488296777,161.23836363355318,74.2859732877628,852.3425650782883,977.5248772231862,874.7723206567267,107.22104860340367
3,dfs,same_process_hit,True,3,2.5989442009013146,1.154314894086452,73.87615322153293,135.08515595458448,228.31273945048451,151.40663591834405,80.35691199970736,135.0845869164914,228.3122028922662,151.40609093941748,80.35691566474507,840.2609981130809,974.2947976104915,866.1485960086187,112.35455120704387
3,object,fill,True,3,7.404744314961135,0.405145656945718,25.929322044525954,1431.802867911756,3013.2641145493835,1747.4900755720835,1312.4392938210285,1431.8023768719286,3013.263548910618,1747.4895052922268,1312.4393147092578,2144.30070691742,3763.9520864235237,2468.0548535349467,1343.5623331746217
3,object,restart_hit,True,3,2.6345557519234717,1.1387119053410504,72.87756194182722,144.78894509375095,244.69546834006906,164.41475010166565,83.320501513227,144.7884109802544,244.69480367843062,164.41414101670185,83.32045635793303,848.9836868830025,987.8379874164239,877.9316310149928,113.65988339023986
3,object,same_process_hit,True,3,2.6371495141647756,1.1375919279078663,72.80588338610345,143.2036969345063,248.86625749059021,164.88446729878584,86.93355547637782,143.20314000360668,248.8656439818442,164.88387839247784,86.93353494605371,847.6414289325476,994.509639008902,878.8747773505747,119.43998742750273
