group,workers,calls,fetch_mib,samples,median_ms,median_gib_s,per_seed_median_ms,active_shards,mean_ms,min_ms,max_ms
1,1,96,18,15,402.863287,4.1887659026125155,"[402.863287, 397.167338, 417.742416]","[16, 16, 16]",408.2159799333333,394.022666,431.493229
2,1,48,36,15,387.857588,4.35082373585018,"[396.060209, 387.523844, 387.857588]","[16, 16, 16]",396.64128746666665,385.264836,429.351009
4,1,24,72,15,393.290373,4.290722875131246,"[388.025377, 396.226912, 395.404195]","[14, 13, 13]",390.7922048666667,379.639951,406.171125
8,1,12,144,15,383.033531,4.405619517420265,"[383.201437, 378.717193, 381.136407]","[8, 8, 7]",381.4580967333333,355.269401,390.464704
16,1,6,288,15,382.638465,4.410168224984909,"[384.106804, 382.768433, 376.110191]","[6, 4, 5]",381.6287122,367.930522,388.389045
32,1,3,576,15,380.883459,4.430489064635385,"[381.326179, 375.931804, 381.792328]","[3, 3, 3]",380.30582906666666,374.601186,386.140162
1,16,96,18,15,64.510777,26.15842001096964,"[66.56276, 64.510777, 62.795141]","[16, 16, 16]",64.67052873333333,61.870716,67.810099
2,16,48,36,15,70.011013,24.103350711408787,"[70.011013, 68.050057, 74.291233]","[16, 16, 16]",70.58010133333333,64.116362,76.966288
4,16,24,72,15,86.237577,19.568035869096832,"[86.237577, 100.057293, 80.204246]","[14, 13, 13]",87.57116353333333,75.034911,100.636276
8,16,12,144,15,141.259806,11.946073322513271,"[141.259806, 110.5274, 149.579048]","[8, 8, 7]",133.30203473333333,110.092457,150.859161
16,16,6,288,15,141.582356,11.918858024936384,"[125.440074, 142.008031, 142.154812]","[6, 4, 5]",136.51235666666668,122.911337,143.517568
32,16,3,576,15,162.08813,10.41100295252959,"[161.304198, 162.08813, 162.540565]","[3, 3, 3]",162.05147893333333,157.940299,166.314341
