category,pool,container,namespace,experiments,configs,execution_logs_found
EXCLUDE_DRYRUN,discospool,kvcache,minji-staging-5ab2b29382c84d4d8af55734687e0dd1:,staging_dryrun_20260921_v1,staging_dryrun_20260921_v1/fill.yaml;staging_dryrun_20260921_v1/read.yaml,False
KEEP_DEFAULT,discospool,kvcache,minji-async-dram:,,lmcache_config_daosgds_async_dram.yaml,False
KEEP_DEFAULT,discospool,kvcache,minji-gpu-store:,,lmcache_config_daosgds_gpu_store.yaml,False
KEEP_DEFAULT,discospool,kvcache,minji-v2:,,lmcache_config_daosgds_unified.yaml,False
OLDER_REVIEW,discospool,kvcache,minji-async-dram-inference-3258de7a97b64476a12fbc7986f90488:,async_dram_inference_20260926,async_dram_inference_20260926/config.yaml,True
OLDER_REVIEW,discospool,kvcache,minji-async-dram-inference-25a1db14321b4d81b3fb48ece14a9b2f:,async_dram_mixed_20260926,async_dram_mixed_20260926/config.yaml,True
OLDER_REVIEW,discospool,kvcache,minji-compare-20260917-143803-d0026824-r1-object:,chunk128_20260917_v1,chunk128_20260917_v1/r1_object.yaml,True
OLDER_REVIEW,discospool,kvcache,minji-compare-20260917-143803-d0026824-r2-object:,chunk128_20260917_v1,chunk128_20260917_v1/r2_object.yaml,True
OLDER_REVIEW,discospool,kvcache,minji-compare-20260917-143803-d0026824-r3-object:,chunk128_20260917_v1,chunk128_20260917_v1/r3_object.yaml,True
OLDER_REVIEW,discospool,kvcache,minji-compare-20260917-144516-3bc7488e-r1-object:,chunk128_20260917_v2,chunk128_20260917_v2/r1_object.yaml,True
OLDER_REVIEW,discospool,kvcache,minji-compare-20260917-144516-3bc7488e-r2-object:,chunk128_20260917_v2,chunk128_20260917_v2/r2_object.yaml,True
OLDER_REVIEW,discospool,kvcache,minji-compare-20260917-144516-3bc7488e-r3-object:,chunk128_20260917_v2,chunk128_20260917_v2/r3_object.yaml,True
OLDER_REVIEW,discospool,kvcache,minji-compare-20260916-195329-2081dff8-r1-object:,comparison_smoke_20260916_v1,comparison_smoke_20260916_v1/r1_object.yaml,True
OLDER_REVIEW,discospool,kvcache,minji-discovery-live-624dbd232a0b498ebe17e89d3cb9424b:,discovery_async_dram_20260926,discovery_async_dram_20260926/prefetch_async_dram/config.yaml,True
OLDER_REVIEW,discospool,kvcache,minji-discovery-live-ddd02cc2e90e4f78ac750ff89da8c004:,discovery_async_dram_prefetch_20260926,discovery_async_dram_prefetch_20260926/prefetch_async_dram_on/config.yaml,True
OLDER_REVIEW,discospool,kvcache,minji-discovery-live-3f75502420b046c1a5b994d477b1230b:,discovery_staging_long_20260926_v2,discovery_staging_long_20260926_v2/prefetch_on/config.yaml,True
OLDER_REVIEW,discospool,kvcache,minji-discovery-live-9ab71f3a473946d98725a9d6fa4a92d8:,discovery_staging_long_20260926_v2,discovery_staging_long_20260926_v2/prefetch_off/config.yaml,True
OLDER_REVIEW,discospool,kvcache,minji-discovery-live-687cb9edd9124ecc9b107bc0de8fc71c:,discovery_staging_pilot_20260926_v1,discovery_staging_pilot_20260926_v1/prefetch_off/config.yaml,True
OLDER_REVIEW,discospool,kvcache,minji-discovery-live-adc45669772441ec9f376be1cc12cc58:,discovery_staging_pilot_20260926_v2,discovery_staging_pilot_20260926_v2/prefetch_off/config.yaml,True
OLDER_REVIEW,discospool,kvcache,minji-dram-6a590045a8d94bc88fad74385f74c863:,dram_baseline_20260922_v1,dram_baseline_20260922_v1/base.yaml,True
OLDER_REVIEW,discospool,kvcache,minji-dram-8fb70a4a6a784e3f8cde5f7650b27cad:,dram_gpu_prefetch_off_20260922_r1,dram_gpu_prefetch_off_20260922_r1/base.yaml;dram_gpu_prefetch_off_20260922_r1/main_profile/lmcache_effective.yaml,True
OLDER_REVIEW,discospool,kvcache,minji-dram-e04fa5c2ca284c62bb8c3a99f2a95546:,dram_gpu_prefetch_off_20260922_r2,dram_gpu_prefetch_off_20260922_r2/base.yaml;dram_gpu_prefetch_off_20260922_r2/main_profile/lmcache_effective.yaml,True
OLDER_REVIEW,discospool,kvcache,minji-dram-d5aa19d2b6c5478091b8b0c15bb3e9b6:,dram_gpu_prefetch_on_20260922_r1,dram_gpu_prefetch_on_20260922_r1/base.yaml;dram_gpu_prefetch_on_20260922_r1/main_profile/lmcache_effective.yaml;dram_gpu_prefetch_on_20260922_r1/restart_profile/lmcache_effective.yaml,True
OLDER_REVIEW,discospool,kvcache,minji-dram-be9e06def16742dfb4481006f55f33b5:,dram_gpu_prefetch_on_20260922_r2,dram_gpu_prefetch_on_20260922_r2/base.yaml;dram_gpu_prefetch_on_20260922_r2/main_profile/lmcache_effective.yaml,True
OLDER_REVIEW,discospool,kvcache,minji-dram-61d6aa16cf554f6697c8c96fb38230a1:,dram_off_20260922_r1,dram_off_20260922_r1/base.yaml;dram_off_20260922_r1/main_profile/lmcache_effective.yaml,True
OLDER_REVIEW,discospool,kvcache,minji-dram-d1bf7e09b6bb4ec09bc0805e0c4439e6:,dram_off_20260922_r2,dram_off_20260922_r2/base.yaml;dram_off_20260922_r2/main_profile/lmcache_effective.yaml,True
OLDER_REVIEW,discospool,kvcache,minji-dram-6f546e3ad00640c9b374fe8e94c81b87:,dram_on_20260922_r1,dram_on_20260922_r1/base.yaml;dram_on_20260922_r1/main_profile/lmcache_effective.yaml;dram_on_20260922_r1/restart_profile/lmcache_effective.yaml,True
OLDER_REVIEW,discospool,kvcache,minji-dram-977dfcd7136a46f580f44ceb2ac12bb8:,dram_on_20260922_r2,dram_on_20260922_r2/base.yaml;dram_on_20260922_r2/main_profile/lmcache_effective.yaml;dram_on_20260922_r2/restart_profile/lmcache_effective.yaml,True
OLDER_REVIEW,discospool,kvcache,minji-cold-158a9e0d69134fae8b0b39bf5c1c800a:,dram_threeway_20260922_v1,dram_threeway_20260922_v1/r2_c1_dram_prefetch/base.yaml;dram_threeway_20260922_v1/r2_c1_dram_prefetch/main_profile/lmcache_effective.yaml,True
OLDER_REVIEW,discospool,kvcache,minji-cold-1784422a8570465fba30fed2298d7656:,dram_threeway_20260922_v1,dram_threeway_20260922_v1/r2_c4_daos_only/base.yaml;dram_threeway_20260922_v1/r2_c4_daos_only/main_profile/lmcache_effective.yaml,True
OLDER_REVIEW,discospool,kvcache,minji-cold-2b0dbc72574d48f8bc17fee213c56a86:,dram_threeway_20260922_v1,dram_threeway_20260922_v1/r1_c1_daos_only/base.yaml;dram_threeway_20260922_v1/r1_c1_daos_only/main_profile/lmcache_effective.yaml,True
OLDER_REVIEW,discospool,kvcache,minji-cold-3a02dd9ec00f41359b0140dc4e32bf96:,dram_threeway_20260922_v1,dram_threeway_20260922_v1/r3_c4_dram/base.yaml;dram_threeway_20260922_v1/r3_c4_dram/main_profile/lmcache_effective.yaml,True
OLDER_REVIEW,discospool,kvcache,minji-cold-3ad2964149a94d67ae22a4dbfe431f8e:,dram_threeway_20260922_v1,dram_threeway_20260922_v1/r2_c4_dram/base.yaml;dram_threeway_20260922_v1/r2_c4_dram/main_profile/lmcache_effective.yaml,True
OLDER_REVIEW,discospool,kvcache,minji-cold-417ac7c831384f04bd59b4db28649d99:,dram_threeway_20260922_v1,dram_threeway_20260922_v1/r3_c4_dram_prefetch/base.yaml;dram_threeway_20260922_v1/r3_c4_dram_prefetch/main_profile/lmcache_effective.yaml,True
OLDER_REVIEW,discospool,kvcache,minji-cold-5ddac937815842399efcd92ca6cb3cf4:,dram_threeway_20260922_v1,dram_threeway_20260922_v1/r1_c1_dram_prefetch/base.yaml;dram_threeway_20260922_v1/r1_c1_dram_prefetch/main_profile/lmcache_effective.yaml,True
OLDER_REVIEW,discospool,kvcache,minji-cold-742ac8c233bb40988197bbd3e31c1bfb:,dram_threeway_20260922_v1,dram_threeway_20260922_v1/r3_c1_dram_prefetch/base.yaml;dram_threeway_20260922_v1/r3_c1_dram_prefetch/main_profile/lmcache_effective.yaml,True
OLDER_REVIEW,discospool,kvcache,minji-cold-7df492d3287542b4a9911988375a9099:,dram_threeway_20260922_v1,dram_threeway_20260922_v1/r2_c4_dram_prefetch/base.yaml;dram_threeway_20260922_v1/r2_c4_dram_prefetch/main_profile/lmcache_effective.yaml,True
OLDER_REVIEW,discospool,kvcache,minji-cold-9f8841ddbeae4d01921e35ea2efe4e2d:,dram_threeway_20260922_v1,dram_threeway_20260922_v1/r1_c4_daos_only/base.yaml;dram_threeway_20260922_v1/r1_c4_daos_only/main_profile/lmcache_effective.yaml,True
OLDER_REVIEW,discospool,kvcache,minji-cold-bd0698f3386140c58436068c3b491e91:,dram_threeway_20260922_v1,dram_threeway_20260922_v1/r1_c4_dram/base.yaml;dram_threeway_20260922_v1/r1_c4_dram/main_profile/lmcache_effective.yaml,True
OLDER_REVIEW,discospool,kvcache,minji-cold-cd7b7dfa4c2b442e8aedd3cf4cfeb62c:,dram_threeway_20260922_v1,dram_threeway_20260922_v1/r2_c1_daos_only/base.yaml;dram_threeway_20260922_v1/r2_c1_daos_only/main_profile/lmcache_effective.yaml,True
OLDER_REVIEW,discospool,kvcache,minji-cold-d170aad6e0584be0baa82b56fcfa47e8:,dram_threeway_20260922_v1,dram_threeway_20260922_v1/r1_c1_dram/base.yaml;dram_threeway_20260922_v1/r1_c1_dram/main_profile/lmcache_effective.yaml,True
OLDER_REVIEW,discospool,kvcache,minji-cold-ea14297485e74ab0bc265cbaeaedd595:,dram_threeway_20260922_v1,dram_threeway_20260922_v1/r3_c1_daos_only/base.yaml;dram_threeway_20260922_v1/r3_c1_daos_only/main_profile/lmcache_effective.yaml,True
OLDER_REVIEW,discospool,kvcache,minji-cold-ed72a1b818ed4ba9a502ea4d22484413:,dram_threeway_20260922_v1,dram_threeway_20260922_v1/r3_c4_daos_only/base.yaml;dram_threeway_20260922_v1/r3_c4_daos_only/main_profile/lmcache_effective.yaml,True
OLDER_REVIEW,discospool,kvcache,minji-cold-f11a52889e0649ef90f68155b12be9f3:,dram_threeway_20260922_v1,dram_threeway_20260922_v1/r2_c1_dram/base.yaml;dram_threeway_20260922_v1/r2_c1_dram/main_profile/lmcache_effective.yaml,True
OLDER_REVIEW,discospool,kvcache,minji-cold-f61dec0115a24ecd94743de81150b0e3:,dram_threeway_20260922_v1,dram_threeway_20260922_v1/r1_c4_dram_prefetch/base.yaml;dram_threeway_20260922_v1/r1_c4_dram_prefetch/main_profile/lmcache_effective.yaml,True
OLDER_REVIEW,discospool,kvcache,minji-cold-feb6da32f4b54791aca3bc611e43890c:,dram_threeway_20260922_v1,dram_threeway_20260922_v1/r3_c1_dram/base.yaml;dram_threeway_20260922_v1/r3_c1_dram/main_profile/lmcache_effective.yaml,True
OLDER_REVIEW,discospool,kvcache,minji-compare-agent-20260917-163106-39f72700-r1-object:,full_agentic_20260917_v1,full_agentic_20260917_v1/r1_object.yaml,True
OLDER_REVIEW,discospool,kvcache,minji-compare-agent-20260917-164106-57f521e8-r1-object:,full_agentic_20260917_v2,full_agentic_20260917_v2/r1_object.yaml,True
OLDER_REVIEW,discospool,kvcache,minji-compare-agent-20260917-225519-f458a935-r1-object:,full_agentic_restart10_20260917_v1,full_agentic_restart10_20260917_v1/r1_object.yaml,True
OLDER_REVIEW,discospool,kvcache,minji-compare-20260916-200146-dcf439f4-r1-object:,gluesys_reference_20260916_v1,gluesys_reference_20260916_v1/r1_object.yaml,True
OLDER_REVIEW,discospool,kvcache,minji-compare-20260916-200146-dcf439f4-r2-object:,gluesys_reference_20260916_v1,gluesys_reference_20260916_v1/r2_object.yaml,True
OLDER_REVIEW,discospool,kvcache,minji-compare-20260916-200146-dcf439f4-r3-object:,gluesys_reference_20260916_v1,gluesys_reference_20260916_v1/r3_object.yaml,True
OLDER_REVIEW,discospool,kvcache,minji-store-ab-2c17728c94d5487d943fb92c04182bde:,gpu_store_ab_20260926,gpu_store_ab_20260926/r1_host_staged/config.yaml,True
OLDER_REVIEW,discospool,kvcache,minji-store-ab-0437e345584247afb5199dcf48f61d28:,gpu_store_ab_20260926_v2,gpu_store_ab_20260926_v2/r1_gpu_direct/config.yaml,True
OLDER_REVIEW,discospool,kvcache,minji-store-ab-b115699a653f470586b61e6c009b27ca:,gpu_store_ab_20260926_v2,gpu_store_ab_20260926_v2/r1_host_staged/config.yaml,True
OLDER_REVIEW,discospool,kvcache,minji-store-ab-02d623756259445ca42bc3d50962b852:,gpu_store_ab_20260926_v3,gpu_store_ab_20260926_v3/r1_host_staged/config.yaml,True
OLDER_REVIEW,discospool,kvcache,minji-store-ab-4a82a5a1fbd44afa9c48ea32ea2ead55:,gpu_store_ab_20260926_v3,gpu_store_ab_20260926_v3/r1_gpu_direct/config.yaml,True
OLDER_REVIEW,discospool,kvcache,minji-store-ab-57b99bb9a07b4472b5c5e1f2e2117269:,gpu_store_ab_20260926_v3,gpu_store_ab_20260926_v3/r3_host_staged/config.yaml,True
OLDER_REVIEW,discospool,kvcache,minji-store-ab-75f2b71f385d452d9afec4377909d402:,gpu_store_ab_20260926_v3,gpu_store_ab_20260926_v3/r2_gpu_direct/config.yaml,True
OLDER_REVIEW,discospool,kvcache,minji-store-ab-a9993486b7704b72a4aa6d84a776ef60:,gpu_store_ab_20260926_v3,gpu_store_ab_20260926_v3/r3_gpu_direct/config.yaml,True
OLDER_REVIEW,discospool,kvcache,minji-store-ab-d7c5ce35b9d24a30bdf3531fc5f2fe2b:,gpu_store_ab_20260926_v3,gpu_store_ab_20260926_v3/r2_host_staged/config.yaml,True
OLDER_REVIEW,discospool,kvcache,minji-read-promotion-inference-1ab1486aab5d461bae5744ba16050c13:,read_promotion_inference_20260926,read_promotion_inference_20260926/consumer/config.yaml;read_promotion_inference_20260926/seed/config.yaml,True
OLDER_REVIEW,discospool,kvcache,minji-mixed-pressure-a14d2c0deb9d4ca4b08c5c5c1da5fb97prefetch_off:,staging_mixed_20260923_v1,staging_mixed_20260923_v1/prefetch_off/config.yaml,True
OLDER_REVIEW,discospool,kvcache,minji-mixed-pressure-fd344fdd65b946c6892600f96867b306prefetch_off:,staging_mixed_20260923_v2,staging_mixed_20260923_v2/prefetch_off/config.yaml,True
OLDER_REVIEW,discospool,kvcache,minji-mixed-pressure-fd344fdd65b946c6892600f96867b306prefetch_on:,staging_mixed_20260923_v2,staging_mixed_20260923_v2/prefetch_on/config.yaml,True
OLDER_REVIEW,discospool,kvcache,minji-staging-9cd9107365744f0a8376f65297e0b05a:,staging_pressure_20260921_v1,staging_pressure_20260921_v1/fill.yaml;staging_pressure_20260921_v1/read.yaml,True
PRIORITY_REVIEW,discospool,kvcache,minji-fixed-replay-04360371d13f4329a671580b00fd3e63:,discovery_capacity_matrix_20260927,discovery_capacity_matrix_20260927/d4_s4/config.yaml,True
PRIORITY_REVIEW,discospool,kvcache,minji-fixed-replay-2ddb5e26c06b430bb0c1f4ad6f9b6067:,discovery_capacity_matrix_20260927,discovery_capacity_matrix_20260927/d2_s4/config.yaml,True
PRIORITY_REVIEW,discospool,kvcache,minji-fixed-replay-653a35f8e6a54e3283e18ce54fa80525:,discovery_capacity_matrix_20260927,discovery_capacity_matrix_20260927/d4_s8/config.yaml,True
PRIORITY_REVIEW,discospool,kvcache,minji-fixed-replay-695f06203a824fafb92e42935c7b96ef:,discovery_capacity_matrix_20260927,discovery_capacity_matrix_20260927/d8_s4/config.yaml,True
PRIORITY_REVIEW,discospool,kvcache,minji-fixed-replay-6fb0c72290bd458085edff90376228ba:,discovery_capacity_matrix_20260927,discovery_capacity_matrix_20260927/d8_s8/config.yaml,True
PRIORITY_REVIEW,discospool,kvcache,minji-fixed-replay-87955396d9a6488c8b04c39942d83ba5:,discovery_capacity_matrix_20260927,discovery_capacity_matrix_20260927/d2_s8/config.yaml,True
PRIORITY_REVIEW,discospool,kvcache,minji-fixed-replay-0f3381dc142d4fe489e79681ada76566:,discovery_capacity_matrix_off_20260927,discovery_capacity_matrix_off_20260927/d8_s4/config.yaml,True
PRIORITY_REVIEW,discospool,kvcache,minji-fixed-replay-208a7010cc6542dcb9325dde338be364:,discovery_capacity_matrix_off_20260927,discovery_capacity_matrix_off_20260927/d2_s4/config.yaml,True
PRIORITY_REVIEW,discospool,kvcache,minji-fixed-replay-a1842d75930044b3979dd89a1f5e1ecf:,discovery_capacity_matrix_off_20260927,discovery_capacity_matrix_off_20260927/d8_s8/config.yaml,True
PRIORITY_REVIEW,discospool,kvcache,minji-fixed-replay-a4a2176dc9bd4299993443001da16501:,discovery_capacity_matrix_off_20260927,discovery_capacity_matrix_off_20260927/d2_s8/config.yaml,True
PRIORITY_REVIEW,discospool,kvcache,minji-fixed-replay-ac9d59be31ce4d749ec35ba472681f52:,discovery_capacity_matrix_off_20260927,discovery_capacity_matrix_off_20260927/d4_s4/config.yaml,True
PRIORITY_REVIEW,discospool,kvcache,minji-fixed-replay-c06af06fda054261abe4536b4c34f12a:,discovery_capacity_matrix_off_20260927,discovery_capacity_matrix_off_20260927/d4_s8/config.yaml,True
PRIORITY_REVIEW,discospool,kvcache,minji-fixed-replay-0454929d7c814b33b35d04bb236e8309:,discovery_fixed_replay_20260926,discovery_fixed_replay_20260926/c08_off/config.yaml,True
PRIORITY_REVIEW,discospool,kvcache,minji-fixed-replay-726d582f41e84d369a3d97a3a93d9044:,discovery_fixed_replay_20260926,discovery_fixed_replay_20260926/c04_on/config.yaml,True
PRIORITY_REVIEW,discospool,kvcache,minji-fixed-replay-7b0dfa02a99b41b9a0c609f2146883f8:,discovery_fixed_replay_20260926,discovery_fixed_replay_20260926/c16_on/config.yaml,True
PRIORITY_REVIEW,discospool,kvcache,minji-fixed-replay-7f2f00ec569d410ca7445c943e95f2dd:,discovery_fixed_replay_20260926,discovery_fixed_replay_20260926/c08_on/config.yaml,True
PRIORITY_REVIEW,discospool,kvcache,minji-fixed-replay-8f9ac7396e8945798c6d5540fc581eda:,discovery_fixed_replay_20260926,discovery_fixed_replay_20260926/c04_off/config.yaml,True
PRIORITY_REVIEW,discospool,kvcache,minji-fixed-replay-e97d72f8dddd480ebf1b6f82d2a127ad:,discovery_fixed_replay_20260926,discovery_fixed_replay_20260926/c16_off/config.yaml,True
PRIORITY_REVIEW,discospool,kvcache,minji-fixed-replay-02179e44f2c34c129f5565af710015b0:,discovery_replay_s8_d4_c16_20260927,discovery_replay_s8_d4_c16_20260927/c16_on/config.yaml,True
PRIORITY_REVIEW,discospool,kvcache,minji-fixed-replay-ab05ae9c2b2f417dae8e363a1209d230:,discovery_replay_s8_d4_c16_20260927,discovery_replay_s8_d4_c16_20260927/c16_off/config.yaml,True
PRIORITY_REVIEW,discospool,kvcache,minji-fixed-replay-2517e91cff044b8baf027d53c47db751:,prefetch_d8_s8_c8_repeat3_20260927,prefetch_d8_s8_c8_repeat3_20260927/r2_on/config.yaml,True
PRIORITY_REVIEW,discospool,kvcache,minji-fixed-replay-45be1ae38c2f4c05b814093b6aa5e0bd:,prefetch_d8_s8_c8_repeat3_20260927,prefetch_d8_s8_c8_repeat3_20260927/r3_on/config.yaml,True
PRIORITY_REVIEW,discospool,kvcache,minji-fixed-replay-872d173c4cb5494f861b6bc4bb115ecf:,prefetch_d8_s8_c8_repeat3_20260927,prefetch_d8_s8_c8_repeat3_20260927/r2_off/config.yaml,True
PRIORITY_REVIEW,discospool,kvcache,minji-fixed-replay-b1cef83336304ec58cfc0eb7c881276d:,prefetch_d8_s8_c8_repeat3_20260927,prefetch_d8_s8_c8_repeat3_20260927/r3_off/config.yaml,True
PRIORITY_REVIEW,discospool,kvcache,minji-fixed-replay-d7321993a1834d58a10d43a0a16c3867:,prefetch_d8_s8_c8_repeat3_20260927,prefetch_d8_s8_c8_repeat3_20260927/r1_off/config.yaml,True
PRIORITY_REVIEW,discospool,kvcache,minji-fixed-replay-ed5cfdf83a634d8094f157d6d19235cc:,prefetch_d8_s8_c8_repeat3_20260927,prefetch_d8_s8_c8_repeat3_20260927/r1_on/config.yaml,True
REVIEW_NO_LOG,discospool,kvcache,minji-compare-20260916-195322-ce592af3-r1-object:,comparison_20260916-195322-ce592af3,comparison_20260916-195322-ce592af3/r1_object.yaml,False
REVIEW_NO_LOG,discospool,kvcache,minji-discovery-live-dc079eeb4fa249798f7a702db0f714be:,discovery_staging_long_20260926_v1,discovery_staging_long_20260926_v1/prefetch_off/config.yaml,False
