mode,phase,context_tokens,samples,ttft_ms_median,ttft_ms_min,ttft_ms_max,ttft_ms_stdev,first_token_ms_median,e2e_ms_median,cached_tokens_min,cached_tokens_max,reference_dfs_hit_low_ms,reference_dfs_hit_high_ms
dfs,fill,8192,3,625.5053081549704,625.2108681946993,635.4319599922746,5.818015542601592,625.504681142047,1327.0358650479466,0,0,,
dfs,fill,16384,3,1405.7622898835689,1393.999518128112,1418.1012951303273,12.05203651196916,1405.7616868522018,2119.8135619051754,0,0,,
dfs,fill,31744,3,3186.199697898701,3185.46928698197,3196.9349030405283,6.419222189988786,3186.1990429461002,3937.931244028732,0,0,,
dfs,restart_hit,8192,3,89.78084684349597,79.6034480445087,93.37879391387105,7.144751258271191,89.78027477860451,777.9187860433012,8191,8191,76,149
dfs,restart_hit,16384,3,131.92063593305647,131.3708359375596,132.46446894481778,0.5468192166664554,131.92009506747127,837.2050591278821,16383,16383,118,132
dfs,restart_hit,31744,3,225.95758805982769,215.40128020569682,227.01659495942295,6.422261646708568,225.95704207196832,973.8290251698345,31743,31743,198,218
dfs,same_process_hit,8192,3,79.43346095271409,78.75707210041583,88.75586418434978,5.587792453650862,79.43279691971838,774.9057391192764,8191,8191,76,149
dfs,same_process_hit,16384,3,130.45633910223842,129.4851249549538,130.9863708447665,0.7613507502735635,130.45579800382257,834.9043410271406,16383,16383,118,132
dfs,same_process_hit,31744,3,212.65405206941068,211.99986594729125,215.67450393922627,1.9601893340533176,212.653418071568,962.6812268979847,31743,31743,198,218
object,fill,8192,3,633.2533890381455,631.5140509977937,634.0072110760957,1.2786315379833086,633.2527911290526,1324.4417470414191,0,0,,
object,fill,16384,3,1429.754134034738,1427.1159539930522,1431.4802868757397,2.1979914722974594,1429.753596195951,2140.309215988964,0,0,,
object,fill,31744,3,3181.925931945443,3172.068656189367,3199.9539509415627,14.140750909296328,3181.9251999258995,3935.497676022351,0,0,,
object,restart_hit,8192,3,112.41826694458723,101.68870491907,113.60189295373857,6.563135949355448,112.41769511252642,799.0173499565572,8191,8191,76,149
object,restart_hit,16384,3,154.78230500593781,143.1734161451459,165.0899280793965,10.964692497366757,154.78167799301445,866.1550360266119,16383,16383,118,132
object,restart_hit,31744,3,247.30312800966203,246.1794971022755,249.7319709509611,1.8157594781581943,247.3024979699403,993.9853299874812,31743,31743,198,218
object,same_process_hit,8192,3,100.96609801985323,100.91218492016196,102.46946197003126,0.8839420794621132,100.96547706052661,783.9303130749613,8191,8191,76,149
object,same_process_hit,16384,3,152.3168261628598,141.40173699706793,153.53428502567112,6.68106901683391,152.3163220845163,852.8744571376592,16383,16383,118,132
object,same_process_hit,31744,3,234.50655583292246,233.62950002774596,247.0194799825549,7.49037227434919,234.50595303438604,982.1280098985881,31743,31743,198,218
