concurrency,cpu_gib,staging_gib,mode,repeats,elapsed_seconds,ttft_mean_ms,ttft_run_stdev_ms,dram_hit_pct,daos_hit_pct,mean_staging_pct,max_staging_pct,capacity_recomputed_tokens,queued_cancellations,total_output_tokens_mean
8,4,4,cancel,3,35.318889925,425.03474626034773,15.748078394505125,14.455337690631808,58.99782135076253,1.9886187617585076,61.03515625,0,0,11513.333333333334
8,4,4,off,3,35.332159567,424.1075701386392,5.2850867506299775,12.418300653594772,60.70806100217865,1.6853656945138735,47.8515625,0,0,11408.333333333334
8,4,4,wait,3,35.607028148,416.9660931586771,11.71430276328604,13.986928104575163,59.46623093681917,1.988339903822863,56.640625,0,0,11460
8,4,8,cancel,3,35.05002619366667,416.5920998978739,12.407359423160267,13.213507625272332,60.239651416122,1.0201159762347758,28.3203125,0,0,11340
8,4,8,off,3,35.091605896333334,405.515905724045,13.972544896815712,14.172113289760349,59.869281045751634,0.79741320141293,24.169921875,0,0,11492
8,4,8,wait,3,35.190254378,428.4951681491091,14.373621918667505,14.074074074074074,59.07407407407407,0.9716296993833249,22.4609375,0,0,11395.666666666666
8,8,4,cancel,3,35.60347771033333,407.2188343184448,11.129354701457613,34.16122004357298,39.78213507625272,1.9705516049404088,56.640625,0,0,11519.666666666666
8,8,4,off,3,34.666555474,423.8409295837671,10.709636578928716,33.671023965141615,39.52069716775599,1.2477005254060707,47.8515625,0,0,11327
8,8,4,wait,3,35.304572054666664,416.4019099984283,11.761185975645082,34.074074074074076,39.95642701525054,1.7847945836504633,56.640625,0,0,11536.333333333334
8,8,8,cancel,3,34.88728278733333,416.82967538859145,13.681065884597093,32.385620915032675,41.067538126361654,1.0095520044130641,26.611328125,0,0,11405.333333333334
8,8,8,off,3,35.556805206,420.86831954333724,11.948409725766984,33.169934640522875,40.283224400871454,0.6483712057766557,23.92578125,0,0,11546.333333333334
8,8,8,wait,3,34.39812693066666,414.0332226632853,10.938966099754817,32.472766884531595,41.25272331154684,0.9784303137749392,26.611328125,0,0,11345.333333333334
8,16,4,cancel,3,34.28330160266667,399.01926443067,8.366127961579753,73.0718954248366,0.8061002178649238,1.908652431342207,56.640625,0,0,11555.333333333334
8,16,4,off,3,34.96932390966666,422.36036161193624,4.06461337343725,72.5925925925926,0.7843137254901961,0.4898003983243474,31.25,0,0,11478.666666666666
8,16,4,wait,3,35.073508153999995,411.7076686385122,2.8278004039525113,71.96078431372548,1.2200435729847494,1.5020014926889493,81.54296875,0,0,11459
8,16,8,cancel,3,34.34959503733334,402.9328247092457,15.762865864171957,72.41830065359477,1.3071895424836601,0.8647594274709625,35.64453125,0,0,11500
8,16,8,off,3,35.224590322666664,412.5632786351532,11.419837208688824,73.31154684095861,0.32679738562091504,0.22881206773801505,15.625,0,0,11509
8,16,8,wait,3,34.55372847033333,399.06217444782936,19.37915698943179,72.27668845315904,1.1764705882352942,0.715468137108084,32.470703125,0,0,11473.666666666666
16,4,4,cancel,3,26.729693571,1007.3091257557584,30.447234067614758,15.152505446623094,56.33986928104575,5.3516834208914466,81.54296875,0,0,11282.333333333334
16,4,4,off,3,28.715459726333332,1010.2525211512801,46.61461132621618,15.729847494553377,55.49019607843137,2.080749371117831,63.96484375,0,0,11426.666666666666
16,4,4,wait,3,27.654667146333335,999.6242543846299,60.23641685260147,15.05446623093682,56.50326797385621,4.7971183903293335,99.609375,0,0,11367
16,4,8,cancel,3,25.885356514333335,993.2187327757237,18.48283443183103,15.403050108932462,56.33986928104575,2.8039380098985958,45.8984375,0,0,11278
16,4,8,off,3,27.267272446666666,1009.9509559890807,17.364018283419668,14.847494553376906,56.3834422657952,1.2398077853830565,35.15625,0,0,11275
16,4,8,wait,3,28.970229855,1013.4926112562729,27.91182561656769,15.185185185185185,55.52287581699346,2.1109469773337524,31.494140625,0,0,11490.333333333334
16,8,4,cancel,3,26.896948204,982.8384210144308,25.838498585122373,36.10021786492375,36.15468409586057,5.765437134840099,92.7734375,0,0,11414
16,8,4,off,3,27.199382627,998.0568667912545,21.25931333799598,33.812636165577345,37.63616557734205,1.706837001872074,41.015625,0,0,11370.333333333334
16,8,4,wait,3,26.539071679666666,984.3409827423144,1.2922206826759641,35.26143790849673,36.81917211328976,6.300552142836298,75.1953125,0,0,11262.666666666666
16,8,8,cancel,3,26.270851308333334,979.6537437704737,46.20583960676122,36.710239651416124,35.348583877995644,3.0300637459560225,37.353515625,0,0,11272.666666666666
16,8,8,off,3,26.580059215000002,1010.0938073506027,18.98821607281207,34.967320261437905,36.25272331154684,0.8758743205756134,23.681640625,0,0,11310.333333333334
16,8,8,wait,3,27.665938442,1002.8585854258079,39.31973831712804,33.92156862745098,37.53812636165578,2.6578672884307233,31.73828125,0,0,11486.333333333334
16,16,4,cancel,3,26.447182377333334,964.8484102260597,58.00824391265593,70.49019607843137,1.4923747276688455,4.74497495401567,80.078125,0,0,11364
16,16,4,off,3,27.640752077666665,982.7661935791925,25.09821146701942,69.65141612200436,2.2222222222222223,0.7256098090633555,31.25,0,0,11264
16,16,4,wait,3,26.091534165,960.4584708771048,22.96285620455263,70.07625272331154,1.9607843137254901,5.3202800527616025,91.796875,0,0,11381.333333333334
16,16,8,cancel,3,25.442660105999998,953.1106594001392,23.409427178818166,71.48148148148148,1.0130718954248366,2.8799789532225906,46.38671875,0,0,11166
16,16,8,off,3,26.970908353333332,999.8674776676733,26.659152642395657,69.0958605664488,2.233115468409586,0.36315218020548445,15.625,0,0,11371
16,16,8,wait,3,26.932441421333333,977.4596776804646,50.31881557307909,70.25054466230937,1.4270152505446623,2.287363797030659,37.353515625,0,0,11385.333333333334
