condition,workload,concurrency,batches,dram_hit_share,peak_gib,mean_gib,ttft_ms,e2e_ms,cpu_staged_batches,cpu_unstaged_batches,failed_alloc_events,partial_daos_reads
prefetch_off,daos_heavy,1,2,0.0,1.25,0.06794035931585796,97.51440428226488,807.5399473891594,0,0,0,0
prefetch_off,daos_heavy,4,2,0.0,3.4765625,0.43910208383573646,212.17251564667094,995.8386710932245,0,0,0,0
prefetch_off,daos_heavy,8,2,0.0,5.64453125,0.8050788728167994,334.92557932186173,1291.3226464952459,0,0,0,0
prefetch_off,daos_heavy,16,2,0.0,8.80859375,1.8749334544258218,682.8476140872226,1912.6219409954501,0,0,0,0
prefetch_off,dram_heavy,1,2,1.0,0.0,0.0,71.04118519055191,774.0634481160669,0,32,0,0
prefetch_off,dram_heavy,4,2,1.0,0.0,0.0,198.4858367286506,961.9274143551593,0,32,0,0
prefetch_off,dram_heavy,8,2,1.0,0.0,0.0,363.9163247207762,1265.531169003225,0,32,0,0
prefetch_off,dram_heavy,16,2,1.0,0.0,0.0,666.7864061673754,1827.4885779610486,0,32,0,0
prefetch_off,mixed,1,2,0.5,1.25,0.03588989629510064,84.96212968748296,790.8452073606895,0,16,0,0
prefetch_off,mixed,4,2,0.5,2.5,0.1936697836297104,190.70420275238575,971.4985646860441,0,16,0,0
prefetch_off,mixed,8,2,0.5,5.0,0.6176064577799705,349.02297837106744,1258.6317588866223,0,16,0,0
prefetch_off,mixed,16,2,0.5,7.5390625,1.5138145114652826,650.8784666584688,1813.3764407320996,0,16,0,0
prefetch_on,daos_heavy,1,2,0.0,1.25,0.06486766992661941,94.59242184675531,790.5524235902703,0,0,0,0
prefetch_on,daos_heavy,4,2,0.0,3.671875,0.425537822520009,213.7640349828871,995.8709530765191,0,0,0,0
prefetch_on,daos_heavy,8,2,0.0,5.44921875,0.8492528741584217,348.6176965816412,1301.6769340320025,0,0,0,0
prefetch_on,daos_heavy,16,2,0.0,9.2578125,1.9555702595898692,696.0070646528038,1927.040436785319,0,0,0,0
prefetch_on,dram_heavy,1,2,1.0,1.25,0.05961925293440488,69.47191342624137,772.7401078518596,32,0,0,0
prefetch_on,dram_heavy,4,2,1.0,5.0,0.4191368394463755,157.0821232526214,929.7441466260352,32,0,0,0
prefetch_on,dram_heavy,8,2,1.0,5.0,0.4071565950165209,301.4533141977154,1208.2090574112954,16,16,0,0
prefetch_on,dram_heavy,16,2,1.0,5.0,0.48209640139877336,608.9559349711635,1759.4051760679577,8,24,0,0
prefetch_on,mixed,1,2,0.5,1.25,0.06309967006171201,82.26932891557226,780.5226105338079,16,0,0,0
prefetch_on,mixed,4,2,0.5,4.00390625,0.4079918558222226,170.41526318644173,945.0952207844239,16,0,0,0
prefetch_on,mixed,8,2,0.5,6.9140625,0.8664923605871886,318.06885548576247,1230.5511476952233,10,6,0,0
prefetch_on,mixed,16,2,0.5,9.6875,1.667656678641585,621.8841292720754,1782.4633221971453,5,11,0,0
