name,concurrency,cpu_gib,staging_gib,mode,prefetch,cancel_queued,early_ready,requests,stories,elapsed_seconds,total_input_tokens,total_output_tokens,cached_tokens,computed_input_tokens,dram_hit_pct,daos_hit_pct,dram_lookup_chunks,daos_lookup_chunks,lookup_candidates,peak_staging_gib,mean_staging_gib,capacity_failed_chunks,capacity_recomputed_tokens,capacity_recomputed_input_pct,length_capped_requests,ttft_mean_ms,ttft_p95_ms
c8_d8_s4_off,8,8,4,off,False,False,False,144,16,385.441656484,916767,189228,721664,195103,14.06801185268802,65.4861013122619,997,4641,7087,1.77734375,0.014245496984765129,0,0,0.0,0,212.31902804639606,266.58853692933917
c8_d8_s4_wait,8,8,4,wait,True,False,True,144,16,413.068744372,909176,191691,713216,195960,15.43824701195219,63.844621513944226,1085,4487,7028,1.71875,0.014294191405093278,0,0,0.0,2,215.04981045210218,286.5876283729449
c8_d8_s4_cancel,8,8,4,cancel,True,True,True,144,16,414.576314741,915190,190942,719744,195446,23.954211418880725,55.51158846806105,1695,3928,7076,1.7578125,0.013658619799350841,0,0,0.0,2,210.83599937588184,272.211623378098
c8_d8_s8_wait,8,8,8,wait,True,False,True,144,16,421.50823051,901275,190986,706048,195227,21.35476463834673,57.80711825487945,1488,4028,6968,2.91015625,0.014207122725953165,0,0,0.0,3,216.9465841628456,333.35292951669544
c8_d8_s8_cancel,8,8,8,cancel,True,True,True,144,16,367.247979021,891199,182893,702592,188607,19.300536932230447,60.354085038455956,1330,4159,6891,1.69921875,0.015087993603618604,0,0,0.0,0,206.31377951940522,261.1881482647732
c8_d8_s8_off,8,8,8,off,False,False,False,144,16,389.866526179,914193,190891,718208,195985,16.093418259023355,63.32625619249823,1137,4474,7065,3.18359375,0.013815533679230487,0,0,0.0,0,216.30982523331315,295.6196919083595
c8_d16_s4_cancel,8,16,4,cancel,True,True,True,144,16,385.630948762,911307,188522,717568,193739,79.56287255180244,0.0,5606,0,7046,2.28515625,0.01223056757656458,0,0,0.0,0,195.21626779977748,254.0650507202372
c8_d16_s4_off,8,16,4,off,False,False,False,144,16,386.022531388,900601,189214,707456,193145,79.41091954022988,0.0,5527,0,6960,0.44921875,0.001846216886536518,0,0,0.0,0,205.0372388362626,268.62804766278714
c8_d16_s4_wait,8,16,4,wait,True,False,True,144,16,369.774249979,888301,185630,697728,190573,79.41433566433567,0.0,5451,0,6864,2.83203125,0.012221410017779754,0,0,0.0,0,191.04661292577578,254.0175722911954
c8_d16_s8_off,8,16,8,off,False,False,False,144,16,370.733136186,890037,185653,698240,191797,79.34545454545454,0.0,5455,0,6875,0.37109375,0.0019321376149329789,0,0,0.0,0,205.9487092645011,273.0417642509565
