scope,engine_rank,target_index,baseline_chunks,balanced_chunks
all_stored,0,0,270,256
all_stored,0,1,256,259
all_stored,0,2,268,259
all_stored,0,3,254,257
all_stored,0,4,234,253
all_stored,0,5,231,248
all_stored,0,6,253,240
all_stored,0,7,272,240
all_stored,1,0,246,261
all_stored,1,1,260,264
all_stored,1,2,233,263
all_stored,1,3,277,261
all_stored,1,4,241,263
all_stored,1,5,255,252
all_stored,1,6,267,240
all_stored,1,7,239,240
initial_480_chunks_per_document,0,0,257,240
initial_480_chunks_per_document,0,1,244,240
initial_480_chunks_per_document,0,2,257,240
initial_480_chunks_per_document,0,3,237,240
initial_480_chunks_per_document,0,4,225,240
initial_480_chunks_per_document,0,5,218,240
initial_480_chunks_per_document,0,6,241,240
initial_480_chunks_per_document,0,7,252,240
initial_480_chunks_per_document,1,0,230,240
initial_480_chunks_per_document,1,1,243,240
initial_480_chunks_per_document,1,2,217,240
initial_480_chunks_per_document,1,3,263,240
initial_480_chunks_per_document,1,4,231,240
initial_480_chunks_per_document,1,5,244,240
initial_480_chunks_per_document,1,6,254,240
initial_480_chunks_per_document,1,7,227,240
conversation_suffix,0,0,13,16
conversation_suffix,0,1,12,19
conversation_suffix,0,2,11,19
conversation_suffix,0,3,17,17
conversation_suffix,0,4,9,13
conversation_suffix,0,5,13,8
conversation_suffix,0,6,12,0
conversation_suffix,0,7,20,0
conversation_suffix,1,0,16,21
conversation_suffix,1,1,17,24
conversation_suffix,1,2,16,23
conversation_suffix,1,3,14,21
conversation_suffix,1,4,10,23
conversation_suffix,1,5,11,12
conversation_suffix,1,6,13,0
conversation_suffix,1,7,12,0
