index,request_id,lookup_notify_ns,retrieve_start_ns,retrieve_return_ns,notify_to_retrieve_ms,retrieve_api_ms,daos_demand_resolve_ms
0,chatcmpl-a0df10a3689d17ca-921116d3,1790767741325836025,1790767741331111719,1790767741550624192,5.276186,219.512179,192.042068
1,chatcmpl-9f3201c95c93e062-bf85dd37,1790767741618544352,1790767741680493895,1790767741881364758,61.950025,200.870365,184.978796
2,chatcmpl-aad2893362afc5bb-b96f5d10,1790767741626846818,1790767742099232153,1790767742344667521,472.385503,245.435148,220.919178
3,chatcmpl-a40e3e9588ce5eb1-88ce0ea2,1790767741618724195,1790767741881845031,1790767742098355464,263.121552,216.509896,191.985143
4,chatcmpl-b93776542e7740bf-81659a5d,1790767741636250579,1790767742345593457,1790767742560274482,709.343407,214.680502,190.938308
5,chatcmpl-86b948e489521f6d-811d7741,1790767741636471966,1790767742561214939,1790767742758151133,924.743763,196.935709,173.163261
6,chatcmpl-96125e6cda42d9f8-adc4314c,1790767741636688395,1790767742758953624,1790767742976496921,1122.265872,217.542706,193.95301
7,chatcmpl-b5ac4584cc749a32-831db70e,1790767741663570446,1790767743011834914,1790767743212309143,1348.264949,200.473772,182.850909
8,chatcmpl-a9aaa8cc0b688445-87a6887f,1790767747671457762,1790767747676039259,1790767747901883431,4.581955,225.843809,203.531226
9,chatcmpl-9b8261a4e4f25051-a53971ad,1790767747963462617,1790767748022075480,1790767748221434012,58.613348,199.358128,185.131154
10,chatcmpl-87ff4e9a29f7fca0-be4e909c,1790767747963633397,1790767748221837239,1790767748431456297,258.20436,209.618556,188.287113
11,chatcmpl-a4551f9c35ae7c65-98705888,1790767747963768552,1790767748431870339,1790767748630858026,468.102246,198.987279,176.418797
12,chatcmpl-bfaec29a68a1ba19-a51f18cd,1790767747984627684,1790767748631243149,1790767748829426433,646.615844,198.182956,184.910572
13,chatcmpl-b3cc03441d85c234-8a79c86d,1790767747984971792,1790767748829686882,1790767749017727576,844.715231,188.040484,174.199097
14,chatcmpl-9feb75372384f225-af5f8829,1790767747985102704,1790767749018103636,1790767749225975972,1033.001341,207.871982,186.20494
15,chatcmpl-9edb8137ca4249ea-a8b457af,1790767748011705881,1790767749258222787,1790767749457642883,1246.517438,199.419523,177.783219
16,chatcmpl-aeeb40914d81c895-b6992096,1790767750263461332,1790767750280475678,1790767750476304484,17.014821,195.828339,174.876366
17,chatcmpl-8372c4bdb79c3d39-bdb9ab33,1790767752942013933,1790767752967052418,1790767753174295577,25.039066,207.24265,184.485824
18,chatcmpl-b43731a83f0d8ffa-93509eeb,1790767754374664058,1790767754389340035,1790767754616669916,14.676445,227.329695,213.005128
19,chatcmpl-bb47f4723b658c3a-9261281f,1790767754677751899,1790767755110699012,1790767755308937385,432.947472,198.238009,182.857389
20,chatcmpl-84ef65a31a20b9f5-b0bbfb8a,1790767754650747561,1790767754715144899,1790767754919441663,64.397898,204.296179,192.102995
21,chatcmpl-854633eeb618da62-b2b75bde,1790767754676463873,1790767754919719675,1790767755110326117,243.255945,190.606263,176.602425
22,chatcmpl-93798e727c5a7309-afe036c8,1790767754677972073,1790767755309318125,1790767755524066247,631.346322,214.74794,192.660079
23,chatcmpl-addabb776a34ec39-a4113bca,1790767754687318566,1790767755524443050,1790767755728593594,837.124811,204.150157,189.719531
24,chatcmpl-bfe2a4fb9b5add3a-bf0a5094,1790767756548272653,1790767756572553129,1790767756774761017,24.280992,202.207315,182.148989
25,chatcmpl-abfd523ac7c202a0-8662746e,1790767759239637154,1790767759259755857,1790767759467711664,20.119121,207.955316,185.990398
26,chatcmpl-a581a664eba334c8-b2fd4569,1790767760205106613,1790767760224503130,1790767760435294043,19.396993,210.790423,189.998422
27,chatcmpl-b26abe5f1504b889-ab75ba65,1790767760882603150,1790767760903004209,1790767761110016544,20.401531,207.011881,193.453433
28,chatcmpl-b20991ca2557d152-8b2f18b7,1790767761182018084,1790767761216782138,1790767761421768109,34.764525,204.985476,190.622504
29,chatcmpl-9fbe93498f5940dd-81580286,1790767761187344664,1790767761629691204,1790767761843443759,442.346896,213.752383,192.229641
30,chatcmpl-8a28225f2afe0d81-aed2a543,1790767761187053781,1790767761422127108,1790767761629283985,235.07361,207.156614,193.101846
31,chatcmpl-992bb8a6344c0625-8381c920,1790767761187911942,1790767762050028419,1790767762255607508,862.116781,205.578858,184.01765
32,chatcmpl-97d8e496b9c5baa3-ab84a316,1790767761187464354,1790767761843794176,1790767762049669044,656.330119,205.874627,184.13254
33,chatcmpl-890d453d2a5c9dab-9ad5ebb2,1790767763067328976,1790767763091751658,1790767763289629490,24.423109,197.87734,183.739382
34,chatcmpl-9cf5429dd92c59a8-ae16b924,1790767764220070228,1790767764242970297,1790767764449731180,22.900526,206.760401,184.528442
35,chatcmpl-907bb1d9c454f846-909dc3f9,1790767764585257688,1790767764606907186,1790767764808280905,21.649962,201.373321,187.836034
36,chatcmpl-b7f689fa22cdc211-bdc40bad,1790767766884103395,1790767766908394661,1790767767106376177,24.291721,197.981139,183.779099
37,chatcmpl-9730a6ecece3f11a-a83860fb,1790767767628689568,1790767767660138465,1790767767879412274,31.449356,219.273304,197.964347
38,chatcmpl-ba22ce16414fa4ff-b64bbc60,1790767767915906463,1790767768339288126,1790767768560603059,423.382123,221.314526,201.429974
39,chatcmpl-8d6c29ba579bfa14-a070bfb8,1790767767658039971,1790767767918026091,1790767768113874375,259.986668,195.847706,181.720973
40,chatcmpl-af355ccf0997d2ae-92720c49,1790767767910883095,1790767768139920385,1790767768338893282,229.037751,198.972428,184.737115
41,chatcmpl-88c739450242f9ad-a308cb27,1790767769296211978,1790767769338650235,1790767769546806997,42.438679,208.156303,186.248637
42,chatcmpl-88f661caca4d5f69-a03b1fd8,1790767769336166271,1790767769575006860,1790767769773492334,238.84104,198.48499,184.593012
43,chatcmpl-81f7ed4f0ce4ae2d-bac29280,1790767770732856797,1790767770752227270,1790767770955716749,19.370891,203.489049,182.530517
44,chatcmpl-890a874ed876050c-9e0f3ddf,1790767771215947321,1790767771239400148,1790767771440294130,23.453235,200.893729,178.385955
45,chatcmpl-bc5dceb09a2f4fc9-9edf13e6,1790767773395731350,1790767773425896508,1790767773622921183,30.165058,197.024173,175.149022
46,chatcmpl-9e324eaa720749e5-a4fcad0a,1790767774117109480,1790767774148040136,1790767774375816779,30.931377,227.776051,213.879096
47,chatcmpl-9200f83d5f8b31e9-957a2a9a,1790767774147323805,1790767774417955787,1790767774615405555,270.632629,197.449235,175.927866
48,chatcmpl-b13ac7e458f0d2ee-951f12ab,1790767774418027279,1790767774648274930,1790767774845518290,230.24794,197.242842,182.850155
49,chatcmpl-93c5aabba588656c-bfd16f12,1790767775329490940,1790767775352253476,1790767775546651907,22.763019,194.397905,180.124649
50,chatcmpl-94989ce91e4c7ffe-92049749,1790767775808204129,1790767775831707006,1790767776036318345,23.503287,204.61083,183.485988
51,chatcmpl-89e1c317be8eef0c-8a271a16,1790767776062659564,1790767776083357816,1790767776284607742,20.698685,201.249502,187.156661
52,chatcmpl-ae2c467438a53af1-8187bf84,1790767777209967847,1790767777232197538,1790767777432045621,22.230131,199.847626,178.022709
53,chatcmpl-b8929a790b8007ca-87242ff0,1790767778698782425,1790767778721574620,1790767778933411119,22.792458,211.836032,189.534887
54,chatcmpl-9d56f38738bdf988-ac630a3b,1790767780395286574,1790767780415541722,1790767780618419984,20.255658,202.877802,188.122029
55,chatcmpl-b50ca4f1a2480c9d-90bed19b,1790767780651747222,1790767780679159388,1790767780884613404,27.412783,205.453442,184.106183
56,chatcmpl-81b51f9ba96d5748-af86cf30,1790767780663397567,1790767780885000814,1790767781089030100,221.603573,204.028962,183.235623
57,chatcmpl-a23a1ff4fc709a84-96cc6415,1790767781544926229,1790767781565283118,1790767781787163126,20.357329,221.879569,199.880932
58,chatcmpl-8c199e0381e3476d-9ab0b960,1790767782105745061,1790767782133942585,1790767782327969430,28.19805,194.026243,179.723406
59,chatcmpl-ac786d00be472a76-b66df0ae,1790767782131941785,1790767782356212020,1790767782546782382,224.27066,190.56994,176.012997
60,chatcmpl-b2d952676b01adfb-b0bb0f0c,1790767783470310322,1790767783493285730,1790767783696083093,22.975904,202.796859,180.617064
61,chatcmpl-b6a7dab35b17f656-9aee87a4,1790767784970737046,1790767784993624674,1790767785198506886,22.888125,204.881644,182.481513
62,chatcmpl-ba122bad6acd123c-b0043c30,1790767786668591867,1790767786688804337,1790767786892602343,20.213042,203.797569,189.263122
63,chatcmpl-aff123309c4ff901-82f959e6,1790767786924177435,1790767786956941201,1790767787158417779,32.764354,201.476034,180.266723
64,chatcmpl-8aa84fddf74adf23-9f3f692d,1790767786936543607,1790767787158823018,1790767787364484121,222.279809,205.660885,183.436728
65,chatcmpl-87f49a85c18c4327-b02d50ec,1790767787795399572,1790767787818166902,1790767788021467057,22.767632,203.299807,188.799785
66,chatcmpl-8e37fcc9e4ba484a-b228c8fa,1790767788326970540,1790767788360443395,1790767788553430640,33.473215,192.986609,171.439188
67,chatcmpl-b4f6bd033224a6f6-8b100b14,1790767788358016160,1790767788577058799,1790767788777985283,219.043082,200.926052,178.584319
68,chatcmpl-bed8ef028dc1fb32-8202da8d,1790767789721740120,1790767789740184413,1790767789938780493,18.444736,198.595583,176.550614
69,chatcmpl-b9afbf8175baed26-96620ae5,1790767791226124160,1790767791248956093,1790767791453817697,22.832662,204.860851,183.682484
70,chatcmpl-bc98a940ab06a568-8c8528fd,1790767792899352357,1790767792931698516,1790767793139351246,32.346683,207.652247,195.431006
71,chatcmpl-9bd343f4dc3507a0-be85ad5e,1790767792929526426,1790767793177446948,1790767793384035126,247.921134,206.587595,185.913064
72,chatcmpl-9a1d93b85ed7f1cb-9d172787,1790767793176620932,1790767793404448917,1790767793605615861,227.82849,201.166556,179.086408
73,chatcmpl-8c3ec52b69a77ab0-bc5ab814,1790767794050397845,1790767794079641860,1790767794282202919,29.244398,202.560738,179.997448
74,chatcmpl-a787d9417dffd7be-be23acba,1790767794583663600,1790767794623085224,1790767794826010512,39.42209,202.924691,188.596441
75,chatcmpl-9efee28fb402bab7-be04da73,1790767794622970633,1790767794852541214,1790767795047645251,229.571168,195.103392,180.83679
76,chatcmpl-9cdb2cb002f37789-9df193b1,1790767795923068886,1790767795946321213,1790767796151539476,23.252868,205.217671,184.580684
77,chatcmpl-b65b7115a3f0ba2b-b26f3ed8,1790767797447390432,1790767797469724362,1790767797671331436,22.334297,201.606701,187.344866
78,chatcmpl-a1b10107a245c27f-ac39dae6,1790767799122714819,1790767799143985967,1790767799388265250,21.271564,244.278894,221.298697
79,chatcmpl-82ba1f3c6666cd02-ace4fbb2,1790767799415378848,1790767799430425442,1790767799645880906,15.047019,215.455093,195.089472
