t_seconds,duration_seconds,peak_staging_gib,mean_staging_gib,peak_ready_gib,mean_cpu_gib,lookup_chunks,dram_chunks,daos_chunks,miss_chunks,cpu_staged_requests,cpu_unstaged_requests,peak_llm_calls,mean_llm_calls
0,5,1.23046875,0.03476689094140621,0.09765625,2.115532573746095,590,313,5,272,0,9,16,15.311233170600001
5,5,0.15625,0.0009553884648437498,0.0,3.2612145284531264,527,390,0,137,0,16,16,6.038048485399999
10,5,0.68359375,0.011775808566406266,0.0,4.836865431300778,0,0,0,0,0,0,16,13.815213034000001
15,5,0.05859375,0.00043456226953124996,0.0,5.4360932527578125,579,291,0,288,0,10,16,3.6442843935999996
20,5,1.23046875,0.026888489953124983,0.0,7.12749473762109,347,277,0,70,0,6,16,16.0
25,5,0.01953125,0.0007578661757812499,0.0,7.912004501679691,0,0,0,0,0,0,16,10.149605137999998
30,5,0.390625,0.004677781546874997,0.0,7.987963106675785,840,748,0,92,0,16,16,10.120069563600001
35,5,0.0390625,0.00070766870703125,0.0,7.988281249999996,0,0,0,0,0,0,16,9.7355026052
40,5,0.37109375,0.0047341467148437535,0.078125,7.988201737285157,498,419,4,75,0,16,16,11.495004866399999
45,5,0.83984375,0.008584559527343747,0.0,7.987961076304687,855,719,0,136,0,16,16,9.4381744776
50,5,0.29296875,0.0011837479570312504,0.0,7.988281249999997,0,0,0,0,0,0,16,13.585286970199999
55,5,0.01953125,0.0003503126875000001,0.0,7.988281249999998,0,0,0,0,0,0,8,3.5542784448
60,5,0.8203125,0.0465506993125,0.52734375,7.987959375128914,754,661,27,66,0,16,16,8.5653848624
65,5,0.01953125,0.0007470246445312498,0.0,7.988122184925777,0,0,0,0,0,0,15,9.571495901999999
70,5,0.48828125,0.0032951462109375024,0.0,7.987961663585942,677,595,0,82,0,16,16,13.462777467
75,5,0.7421875,0.03379679585937499,0.56640625,7.988199340113281,625,526,29,70,0,16,16,7.4754635618
80,5,0.68359375,0.0044197911796874986,0.0,7.988042362632818,0,0,0,0,0,0,16,11.8634518598
85,5,0.0390625,0.00026101211328125,0.0,7.988281250000003,0,0,0,0,0,0,5,1.7439826654000001
90,5,0.01953125,0.0001588176484375,0.0,7.98828125,0,0,0,0,0,0,1,1.0
95,5,0.83984375,0.011524888691406244,0.05859375,7.98771968155859,704,582,3,119,0,16,16,10.9892546576
100,5,0.01953125,0.000509201609375,0.0,7.988201593027341,0,0,0,0,0,0,13,6.209903991400001
105,5,1.03515625,0.014711396988281231,0.078125,7.987963076632818,969,828,4,137,0,16,16,8.861262181799999
110,5,0.0390625,0.0008659651406250005,0.0,7.9882017489921875,0,0,0,0,0,0,16,12.3795264928
115,5,0.01953125,0.00033661294921874996,0.0,7.9882017117265605,0,0,0,0,0,0,8,3.9176182921999994
120,5,0.5859375,0.01186502220312499,0.15625,7.987883525312505,906,829,8,69,0,16,16,14.8918689514
125,5,0.17578125,0.00317380023828125,0.17578125,7.988281250000002,266,188,9,69,0,6,16,6.165642749599999
130,5,1.03515625,0.01052279996093749,0.0,7.9880411932578115,517,489,0,28,0,10,16,14.394863466200002
135,5,0.46875,0.009285582281250001,0.37109375,7.988119340949223,881,772,19,90,0,16,16,7.8792401854000005
140,5,0.56640625,0.00216485175,0.0,7.988281249999998,0,0,0,0,0,0,16,13.931508314199998
145,5,0.64453125,0.057792085800781344,0.48828125,7.988121791617187,944,858,25,61,0,16,16,11.722540739600001
150,5,0.01953125,0.0006118248945312498,0.0,7.988281249999998,0,0,0,0,0,0,14,9.5173919942
155,5,0.68359375,0.032624323171874976,0.390625,7.988121954058594,719,617,20,82,0,16,16,10.8326426526
160,5,0.01953125,0.00065738918359375,0.0,7.988201467554687,0,0,0,0,0,0,14,7.948861569800002
165,0.8259155110000052,0.01953125,0.00022899214452760025,0.0,7.988281249999949,0,0,0,0,0,0,1,0.991304303037838
